country,co2_per_capita,gdp_per_capita,energy_per_capita,continent,region,log_co2,log_gdp,log_energy,gdp_quartile
Afghanistan,0.25062045,1313.5777765445134,1111.5725,Asia,"Middle East, North Africa, Afghanistan & Pakistan",-1.3838156356995668,7.1805098205773685,7.013530958447542,Lowest quartile
Albania,1.5908402,12792.059168613538,9148.74,Europe,Europe & Central Asia,0.4642623043363591,9.456579879941925,9.121371443869341,Third quartile
Algeria,4.238998,13101.456657946803,16145.337,Africa,"Middle East, North Africa, Afghanistan & Pakistan",1.4443269205609996,9.480478698270623,9.689386556309929,Third quartile
Angola,0.59180546,4443.555847072717,2739.3157,Africa,Sub-Saharan Africa,-0.5245773129686926,8.399210201361667,7.915463423665211,Second quartile
Argentina,4.047052,18827.43506335373,22049.938,Americas,Latin America & Caribbean,1.3979887148351489,9.843070396937756,10.001065069079656,Third quartile
Armenia,2.6723685,13788.056003721085,17194.473,Asia,Europe & Central Asia,0.982965157842105,9.531557989401142,9.752343273952379,Third quartile
Australia,14.65893,51305.37427437371,63386.535,Oceania,East Asia & Pacific,2.6850497060730802,10.845550787355437,11.05700673616566,Highest quartile
Austria,6.779517,43996.64490564364,42122.105,Europe,Europe & Central Asia,1.9139058604766375,10.691868657848593,10.64832794125745,Highest quartile
Azerbaijan,3.999354,17034.028419550774,20425.451,Asia,Europe & Central Asia,1.3861328480773614,9.742968294101113,9.924537000267781,Third quartile
Bahrain,24.66764,38324.938488777014,154504.28,Asia,"Middle East, North Africa, Afghanistan & Pakistan",3.2054922632170153,10.553856098749216,11.947977077201609,Highest quartile
Bangladesh,0.6030491,5066.236439093024,3023.7288,Asia,South Asia,-0.5057566593675631,8.530353501224013,8.014246050738022,Second quartile
Barbados,4.6577086,12071.2584725351,21012.291,Americas,Latin America & Caribbean,1.5385236104670372,9.398582573158077,9.952862831206964,Second quartile
Belarus,6.226867,19161.582959237956,33086.91,Europe,Europe & Central Asia,1.8288733170625702,9.860662666026478,10.406893014869008,Third quartile
Belgium,7.6375527,42062.03555365169,59651.605,Europe,Europe & Central Asia,2.033077224637574,10.646900844511006,10.996276334121328,Highest quartile
Benin,0.44276863,2419.444390994532,1841.9174,Africa,Sub-Saharan Africa,-0.8147079252823671,7.791293202292672,7.518562373247362,Lowest quartile
Bolivia,1.9448458,6472.162107370312,8570.585,Americas,Latin America & Caribbean,0.6651826937219124,8.775265505916966,9.056091270639019,Second quartile
Bosnia and Herzegovina,6.4724236,14687.06598254744,28279.162,Europe,Europe & Central Asia,1.8675506287886452,9.594722520325472,10.249880487322526,Third quartile
Botswana,3.0311775,16104.778059301732,12002.065,Africa,Sub-Saharan Africa,1.1089511578918545,9.686871280813573,9.392833997298832,Third quartile
Brazil,2.2826612,15156.042521989499,17744.193,Americas,Latin America & Caribbean,0.8253419553086506,9.626154577755399,9.7838135864471365,Third quartile
Bulgaria,6.8755846,20274.385345030416,33606.043,Europe,Europe & Central Asia,1.9279766726648302,9.917113562619289,10.422461180970485,Third quartile
Burkina Faso,0.29064742,1658.020320726279,1011.84033,Africa,Sub-Saharan Africa,-1.2356443615299468,7.413379591787974,6.9195260607195195,Lowest quartile
Burundi,0.06587466,688.9127835670051,307.09818,Africa,Sub-Saharan Africa,-2.720001433424253,6.535114678918497,5.72716750102088,Lowest quartile
Cambodia,1.2129679,3786.6323954446184,3667.3208,Asia,East Asia & Pacific,0.1930701662976561,8.239232353067296,8.20721664720101,Lowest quartile
Cameroon,0.3543776,2993.82933317941,1309.3636,Africa,Sub-Saharan Africa,-1.037392267666365,8.004308560408756,7.177296496628687,Lowest quartile
Canada,14.107159,45369.358691406684,102122.42,Americas,North America,2.6466823990290607,10.722592237477807,11.533927568685291,Highest quartile
Cape Verde,1.1498797,8179.229541125541,5886.2896,Africa,Sub-Saharan Africa,0.13965732820763538,9.00935323703435,8.680381129078137,Second quartile
Central African Republic,0.07402691,735.9805126991992,351.04642,Africa,Sub-Saharan Africa,-2.603326603233463,6.6012036410674755,5.8609184654337625,Lowest quartile
Chad,0.15173951,1306.8326735506441,448.06906,Africa,Sub-Saharan Africa,-1.8855899782852779,7.175361682131405,6.104947372320534,Lowest quartile
Chile,4.385191,22929.33815086386,25750.754,Americas,Latin America & Caribbean,1.4782331824582104,10.040172511539343,10.156219187216584,Third quartile
China,8.217776,18921.136473023602,31235.707,Asia,East Asia & Pacific,2.1062996128495284,9.848034908086447,10.34931717453624,Third quartile
Colombia,1.7286528,14355.362737104513,12123.15,Americas,Latin America & Caribbean,0.5473423768195835,9.571878861278368,9.402872126844994,Third quartile
Comoros,0.63734925,2016.417044777515,2068.1792,Africa,Sub-Saharan Africa,-0.45043750050136916,7.609077475246303,7.634423885645859,Lowest quartile
Congo,1.446125,3923.5466184178435,3897.0745,Africa,Sub-Saharan Africa,0.36888756536691597,8.27475127334168,8.267981422425672,Lowest quartile
Costa Rica,1.5762514,15810.63153621459,9215.243,Americas,Latin America & Caribbean,0.45504949648057885,9.668437874770339,9.128614239805074,Third quartile
Cote d'Ivoire,0.47719425,3996.446119664929,2579.7683,Africa,Sub-Saharan Africa,-0.7398316382861264,8.29316077509478,7.855454867681295,Lowest quartile
Croatia,4.500902,26179.635040520538,23846.066,Europe,Europe & Central Asia,1.504277821134415,10.172737098974077,10.079374535122039,Third quartile
Cuba,2.1029758,7609.071054579359,8414.643,Americas,Latin America & Caribbean,0.7433533892839291,8.937096374361252,9.037728681482548,Second quartile
Cyprus,5.3108797,25729.027654096215,23790.744,Asia,Europe & Central Asia,1.6697574900822345,10.15537511420401,10.077051876452382,Third quartile
Czechia,8.904502,32133.41223685532,42043.363,Europe,Europe & Central Asia,2.1865569915394345,10.377651647431309,10.646456817034064,Highest quartile
Democratic Republic of Congo,0.057544336,891.7742867089022,313.66656,Africa,Sub-Saharan Africa,-2.85519956742398,6.793213058753366,5.74833051085345,Lowest quartile
Denmark,4.9288173,50725.73838388955,32903.926,Europe,Europe & Central Asia,1.5950990606942097,10.834188721195058,10.40134726094104,Highest quartile
Djibouti,0.4840291,2986.2621227138134,2995.47,Africa,"Middle East, North Africa, Afghanistan & Pakistan",-0.7256102501059365,8.001777758142474,8.004856426451296,Lowest quartile
Dominica,2.4663935,10099.152228222658,10770.691,Americas,Latin America & Caribbean,0.9027569621662854,9.22020676150664,9.284583927795167,Second quartile
Dominican Republic,2.7802987,17023.14045252964,11823.134,Americas,Latin America & Caribbean,1.0225583679737984,9.74232890053126,9.377813399639704,Third quartile
Ecuador,2.36007,9819.89826626047,12495.487,Americas,Latin America & Caribbean,0.8586912796145886,9.192166041443572,9.43312281809976,Second quartile
Egypt,2.2189891,12967.94546603334,9857.579,Africa,"Middle East, North Africa, Afghanistan & Pakistan",0.7970517318158146,9.47023585813472,9.195995879922053,Third quartile
El Salvador,1.2599217,9437.572061660592,6872.5845,Americas,Latin America & Caribbean,0.23104957617529645,9.152454029200774,8.835295515343951,Second quartile
Equatorial Guinea,4.1567073,11195.359111950936,20471.13,Africa,Sub-Saharan Africa,1.4247232464371624,9.323254606405904,9.926770879867432,Second quartile
Estonia,8.863261,29627.48241269305,46890.336,Europe,Europe & Central Asia,2.18191475559075,10.296457669448152,10.755566877764933,Highest quartile
Eswatini,0.8435616,7871.642932560847,5125.024,Africa,Sub-Saharan Africa,-0.17012235061696182,8.971022078526609,8.541890486922473,Second quartile
Ethiopia,0.13526215,2153.198266904022,651.31836,Africa,Sub-Saharan Africa,-2.0005405316489413,7.674709581793306,6.478998554929329,Lowest quartile
Finland,6.5245185,40607.409810209545,57499.42,Europe,Europe & Central Asia,1.875567157382464,10.61170583657796,10.959530139778046,Highest quartile
France,4.4555726,40308.88784599797,34796.047,Europe,Europe & Central Asia,1.494155582405396,10.60432726570326,10.457259067356489,Highest quartile
Gabon,2.3792052,14824.762720559498,6844.557,Africa,Sub-Saharan Africa,0.866766482329973,9.60405421837929,8.831209016855372,Third quartile
Gambia,0.3064694,1766.29740918925,796.3427,Africa,Sub-Saharan Africa,-1.1826373654577658,7.4766407753592405,6.6800296208321415,Lowest quartile
Georgia,3.1622012,18585.680328672373,18080.918,Asia,Europe & Central Asia,1.1512683673764745,9.830146688392935,9.802612406993477,Third quartile
Germany,7.942359,46495.281015986126,41094.125,Europe,Europe & Central Asia,2.0722103344071656,10.747106102898465,10.623620446227923,Highest quartile
Ghana,0.6258142,4387.197453497453,3061.5464,Africa,Sub-Saharan Africa,-0.4687017570492143,8.386445908928698,8.026675426772455,Lowest quartile
Greece,5.532692,25343.880361750482,30188.217,Europe,Europe & Central Asia,1.710674496362587,10.14029257402814,10.31520696166566,Third quartile
Guatemala,1.0596977,8192.830587974133,5372.242,Americas,Latin America & Caribbean,0.057983678770705815,9.011014732273217,8.589000605027586,Second quartile
Guinea,0.2883205,1684.6693756645257,1532.4482,Africa,Sub-Saharan Africa,-1.243682570379428,7.429324607310707,7.334621866260307,Lowest quartile
Guinea-Bissau,0.16357648,1547.974261173526,733.94556,Africa,Sub-Saharan Africa,-1.8104746304298827,7.344702426862555,6.598434856926534,Lowest quartile
Haiti,0.2495167,1525.6886787556907,1068.5922,Americas,Latin America & Caribbean,-1.3882294321627995,7.330201179730932,6.974097360226958,Lowest quartile
Honduras,1.1221477,4753.327922338559,4956.9873,Americas,Latin America & Caribbean,0.1152444383654282,8.466600266941583,8.508553435983805,Second quartile
Hong Kong,4.120568,47775.87052983339,29120.252,Asia,East Asia & Pacific,1.415991017936726,10.774275990393713,10.279189156119331,Highest quartile
Hungary,4.674298,29468.830342136993,27575.229,Europe,Europe & Central Asia,1.5420789910376371,10.291088385162505,10.224673148710973,Highest quartile
Iceland,9.458432,42115.89944737728,167531.62,Europe,Europe & Central Asia,2.2469066187971087,10.648180607457826,12.028927388550692,Highest quartile
India,1.9861692,7349.570695488093,7057.1865,Asia,South Asia,0.6862077583685982,8.902397181723893,8.861801738312105,Second quartile
Indonesia,2.7185707,12552.763417037906,9859.904,Asia,East Asia & Pacific,1.0001062642548109,9.43769611291376,9.196231711240966,Second quartile
Iran,8.569505,17561.823838428933,38985.188,Asia,"Middle East, North Africa, Afghanistan & Pakistan",2.1482099713149325,9.773482725031966,10.57093705809965,Third quartile
Iraq,4.9385333,11972.604266667297,15429.901,Asia,"Middle East, North Africa, Afghanistan & Pakistan",1.5970683842814504,9.390376341025558,9.644062529264037,Second quartile
Ireland,7.177214,60350.2965374857,36487.48,Europe,Europe & Central Asia,1.9709112854758843,11.007921140142201,10.504724467029298,Highest quartile
Israel,6.8401985,36989.70382592035,33816.67,Asia,"Middle East, North Africa, Afghanistan & Pakistan",1.9228167516812096,10.518394877925571,10.42870915515657,Highest quartile
Italy,5.704794,35827.59694949132,29444.67,Europe,Europe & Central Asia,1.7413068739855055,10.486473739936278,10.290268187980157,Highest quartile
Jamaica,2.7852037,7051.132963386929,11773.948,Americas,Latin America & Caribbean,1.0243210125357527,8.860943586921321,9.373644573067498,Second quartile
Japan,8.237319,38196.69673349289,39974.945,Asia,East Asia & Pacific,2.108674926901335,10.550504317910454,10.596008161841295,Highest quartile
Jordan,1.9924614,8820.136183579123,10170.104,Asia,"Middle East, North Africa, Afghanistan & Pakistan",0.689370758847153,9.08479258919673,9.227207715145678,Second quartile
Kazakhstan,13.693581,25138.19896332407,40893.367,Asia,Europe & Central Asia,2.6169271828888614,10.13214383929649,10.618723152839818,Third quartile
Kenya,0.37868083,3508.8207998981356,1609.9459,Africa,Sub-Saharan Africa,-0.971061565899617,8.163035305569599,7.383955854929461,Lowest quartile
Kuwait,25.242083,47709.022609583495,102111.33,Asia,"Middle East, North Africa, Afghanistan & Pakistan",3.2285125620015425,10.772875812229959,11.533818967633692,Highest quartile
Kyrgyzstan,1.6551521,4557.78481400824,7590.5044,Asia,Europe & Central Asia,0.5038929079294374,8.42459199807429,8.934653324044561,Second quartile
Laos,2.9830346,7269.988720874485,8549.83,Asia,East Asia & Pacific,1.0929411045266906,8.891510019064805,9.053666678692199,Second quartile
Latvia,3.5129132,27244.483046517944,20474.271,Europe,Europe & Central Asia,1.2564456647518498,10.212606322585687,9.926924303691814,Third quartile
Lebanon,2.6739883,8484.94708566049,11560.575,Asia,"Middle East, North Africa, Afghanistan & Pakistan",0.9835711032027146,9.046048941427372,9.35535588147378,Second quartile
Lesotho,1.1160188,2082.8914681345445,2108.4802,Africa,Sub-Saharan Africa,0.10976770969536516,7.641512336271531,7.653722682580512,Lowest quartile
Liberia,0.16075158,787.5167025012762,579.3807,Africa,Sub-Saharan Africa,-1.8278950869858066,6.6688845800003,6.361959774459427,Lowest quartile
Libya,8.163843,12658.771049851297,31237.596,Africa,"Middle East, North Africa, Afghanistan & Pakistan",2.099715013993454,9.446105617514771,10.349377648367778,Third quartile
Lithuania,4.5777125,30108.83074404235,23098.156,Europe,Europe & Central Asia,1.5211994192088527,10.312573787910154,10.047508066483726,Highest quartile
Luxembourg,11.134566,55300.06005066469,59423.344,Europe,Europe & Central Asia,2.4100543237485716,10.920529273416975,10.992442424780782,Highest quartile
Madagascar,0.13830549,1268.2543386870454,544.34326,Africa,Sub-Saharan Africa,-1.9782903447869378,7.145396697443941,6.299580040510845,Lowest quartile
Malawi,0.08757896,1286.6788643402454,392.59195,Africa,Sub-Saharan Africa,-2.435214492536665,7.159819653803017,5.972770777302037,Lowest quartile
Malaysia,8.124508,25293.89546749212,39068.727,Asia,East Asia & Pacific,2.0948851725361894,10.138318359731617,10.573077604974142,Third quartile
Mali,0.3042441,1324.1260936275132,1269.189,Africa,Sub-Saharan Africa,-1.1899249392499383,7.188507968840996,7.14613339279471,Lowest quartile
Malta,3.3590784,34637.14656546648,71854.42,Europe,"Middle East, North Africa, Afghanistan & Pakistan",1.2116666506376208,10.452681985307308,11.182397406664483,Highest quartile
Mauritania,1.0803561,3214.866572087708,4159.3027,Africa,Sub-Saharan Africa,0.07729070901192439,8.07554113412705,8.333102719013167,Lowest quartile
Mauritius,3.3826706,21148.699619318973,16850.51,Africa,Sub-Saharan Africa,1.2186655158589474,9.95933369886408,9.732136202384783,Third quartile
Mexico,3.5284045,15810.499473374084,17858.697,Americas,Latin America & Caribbean,1.2608457857672664,9.66842952194827,9.79024589544206,Third quartile
Moldova,1.7018101,7838.047370283942,12621.712,Europe,Europe & Central Asia,0.5316924493081754,8.96674502241112,9.443173784580745,Second quartile
Mongolia,11.944179,13233.687160866091,15611.406,Asia,East Asia & Pacific,2.480244046728744,9.490520915246663,9.655757079921026,Third quartile
Montenegro,4.0595264,20783.243578042104,18458.855,Europe,Europe & Central Asia,1.4010663165631667,9.941902343812083,9.823299480130984,Third quartile
Morocco,1.8693061,8348.854239141465,7146.277,Africa,"Middle East, North Africa, Afghanistan & Pakistan",0.6255672924844489,9.029879591560519,8.874346800776395,Second quartile
Mozambique,0.28465265,962.809058954181,1721.4897,Africa,Sub-Saharan Africa,-1.2564856139498284,6.869855114832435,7.450945299606453,Lowest quartile
Myanmar,0.58855194,5413.736194465179,2493.025,Asia,East Asia & Pacific,-0.5300900978925666,8.59669474243834,7.821252111551897,Second quartile
Namibia,1.181398,7564.443537458283,6222.074,Africa,Sub-Saharan Africa,0.16669848298284395,8.931214066009803,8.73585857066876,Second quartile
Nepal,0.5925866,3229.4970811297226,1820.385,Asia,South Asia,-0.5232582563156796,8.080081701657202,7.506803296161274,Lowest quartile
Netherlands,7.1213217,49128.039977668086,53288.39,Europe,Europe & Central Asia,1.9630933402188644,10.802185229753979,10.883473762787146,Highest quartile
New Zealand,6.229061,39090.66162587244,45347.203,Oceania,East Asia & Pacific,1.8292255991282163,10.5736388843504,10.722103777786783,Highest quartile
Nicaragua,0.7623672,4867.988041146621,3819.9983,Americas,Latin America & Caribbean,-0.2713269496032958,8.490435997478809,8.248005256574343,Second quartile
Niger,0.12645128,978.8549213340814,534.41766,Africa,Sub-Saharan Africa,-2.0678981833393015,6.8863834408792,6.281177668083601,Lowest quartile
Nigeria,0.58902264,5083.773131756857,2363.2092,Africa,Sub-Saharan Africa,-0.5292906580387122,8.533809007347665,7.767775804795942,Second quartile
North Korea,2.13794,1537.81339567409,6909.168,Asia,East Asia & Pacific,0.7598427485982117,7.3381168134940005,8.840604504302586,Lowest quartile
North Macedonia,3.9952326,15634.003673985293,16701.213,Europe,Europe & Central Asia,1.385101800301831,9.657203543779946,9.723236630497611,Third quartile
Norway,7.4829626,88390.41290750103,97780.37,Europe,Europe & Central Asia,2.012628783090275,11.389518791471858,11.490479120130386,Highest quartile
Oman,16.488375,37493.95815149753,89754.836,Asia,"Middle East, North Africa, Afghanistan & Pakistan",2.802655587143204,10.531935083017865,11.404837187907244,Highest quartile
Pakistan,0.8697954,5411.70028622039,4017.639,Asia,"Middle East, North Africa, Afghanistan & Pakistan",-0.1394972674046691,8.596318608270924,8.298449695644138,Second quartile
Palestine,0.8862943,4538.220196355551,5117.871,Asia,"Middle East, North Africa, Afghanistan & Pakistan",-0.12070621648942542,8.420290186938168,8.540493811243813,Second quartile
Panama,2.6602929,21533.052625503464,23285.066,Americas,Latin America & Caribbean,0.9784362295135952,9.977344365050284,10.055567489855235,Third quartile
Paraguay,1.1143297,9633.609938376974,7732.6597,Americas,Latin America & Caribbean,0.10825305822011518,9.173013298346524,8.95320815743357,Second quartile
Peru,1.9352938,10206.81652645241,10099.025,Americas,Latin America & Caribbean,0.660259149581358,9.230811062975205,9.220194163516116,Second quartile
Philippines,1.3246514,8904.636286360199,5010.1567,Asia,East Asia & Pacific,0.2811493304831756,9.094327351134462,8.51922247103489,Second quartile
Poland,8.20336,32069.76159986937,30919.512,Europe,Europe & Central Asia,2.1045438264406644,10.3756688589168,10.33914271991187,Highest quartile
Portugal,3.9092069,28387.32934564927,25206.664,Europe,Europe & Central Asia,1.3633345145480074,10.253698174793781,10.13486368298469,Highest quartile
Qatar,37.88961,131990.52538906247,195336.34,Asia,"Middle East, North Africa, Afghanistan & Pakistan",3.634676932024251,11.790485421636802,12.182478172264045,Highest quartile
Romania,3.8183794,26334.19763949868,18791.148,Europe,Europe & Central Asia,1.3398260917651836,10.178623663995541,9.84114118686904,Third quartile
Russia,11.508876,25631.56803601492,59257.91,Europe,Europe & Central Asia,2.443118563751581,10.151579997198573,10.989654552196468,Third quartile
Rwanda,0.14337575,2085.28321602224,498.15335,Africa,Sub-Saharan Africa,-1.942286472508795,7.642659960030818,6.210907961350317,Lowest quartile
Saint Lucia,2.8977146,9782.689307247447,14172.194,Americas,Latin America & Caribbean,1.0639223573373233,9.188369705519863,9.559037154855824,Second quartile
Sao Tome and Principe,0.59902877,3646.447177139625,2571.2017,Africa,Sub-Saharan Africa,-0.5124456519700101,8.201508596412229,7.852128656152911,Lowest quartile
Saudi Arabia,20.729954,56685.821153466204,97902.695,Asia,"Middle East, North Africa, Afghanistan & Pakistan",3.031579707438955,10.945279390603565,11.491729356229598,Highest quartile
Senegal,0.8006707,2941.11963017147,2651.3901,Africa,Sub-Saharan Africa,-0.22230552755422994,7.986545614425622,7.882839347481336,Lowest quartile
Serbia,6.547047,17203.790215889203,26256.807,Europe,Europe & Central Asia,1.8790141082937333,9.752884999914446,10.175680548689346,Third quartile
Seychelles,5.0101247,24323.23077597126,28729.107,Africa,Sub-Saharan Africa,1.611460805006578,10.099187171663779,10.265666068998096,Third quartile
Sierra Leone,0.17441697,1411.3253711665934,766.9488,Africa,Sub-Saharan Africa,-1.746306467195215,7.25228452141886,6.642420045553739,Lowest quartile
Singapore,8.6610365,81736.33149418182,158521.72,Asia,East Asia & Pacific,2.158834403633989,11.311253875932286,11.97364689761139,Highest quartile
Slovakia,5.771668,27472.1486181289,32867.98,Europe,Europe & Central Asia,1.752961120199821,10.220927992926384,10.400254210556309,Highest quartile
Slovenia,6.017234,32802.729093418166,33377.797,Europe,Europe & Central Asia,1.7946276852942245,10.398266994978595,10.415646197434533,Highest quartile
South Africa,6.8738866,11599.514042958159,21580.69,Africa,Sub-Saharan Africa,1.9277296813465559,9.358718483368492,9.979554212351013,Second quartile
South Korea,11.719733,41279.54475944245,69899.45,Asia,East Asia & Pacific,2.4612740023193966,10.628122371980352,11.154813059807541,Highest quartile
Spain,4.8971643,33978.56428851686,33289.133,Europe,Europe & Central Asia,1.5886563233111206,10.43348514267105,10.41298628637291,Highest quartile
Sri Lanka,0.80477285,11156.07570640025,4265.6963,Asia,South Asia,-0.21719521529516647,9.31973953488429,8.358360705686046,Second quartile
Sweden,3.4653375,47124.891229087276,59279.207,Europe,Europe & Central Asia,1.2428100304959442,10.760556616611568,10.99001388268751,Highest quartile
Switzerland,3.7477124,63623.00908182043,33835.207,Europe,Europe & Central Asia,1.321145627173681,11.060730461918372,10.429257166572837,Highest quartile
Syria,1.3989446,2330.7249203883684,4847.5273,Asia,"Middle East, North Africa, Afghanistan & Pakistan",0.3357180951851733,7.753934622800716,8.486224018869901,Lowest quartile
Taiwan,11.698872,53282.17710252135,56225.938,Asia,East Asia & Pacific,2.4594924268995326,10.88335716591327,10.937133459658567,Highest quartile
Tajikistan,1.0332633,4963.944388791922,4824.579,Asia,Europe & Central Asia,0.03272204633266805,8.50995594335923,8.481478756080234,Second quartile
Tanzania,0.30446345,3063.125124262457,1165.2318,Africa,Sub-Saharan Africa,-1.1892042318774256,8.027190956231028,7.060675316164986,Lowest quartile
Thailand,3.7997093,15670.714829156477,19347.238,Asia,East Asia & Pacific,1.3349245638060658,9.659548951996687,9.870304949251658,Third quartile
Togo,0.33942214,1768.043045796206,1460.611,Africa,Sub-Saharan Africa,-1.0805106955458748,7.477628590071001,7.286610120309232,Lowest quartile
Trinidad and Tobago,25.063381,25077.082157972036,115685.42,Americas,Latin America & Caribbean,3.2214078565686672,10.129709646589998,11.658629889683665,Third quartile
Tunisia,2.5401497,10681.93323843266,10186.194,Africa,"Middle East, North Africa, Afghanistan & Pakistan",0.9322230163016021,9.276309110967496,9.228788553012249,Second quartile
Turkey,5.095457,27406.826716961907,22617.557,Asia,Europe & Central Asia,1.6283493584324387,10.218547411597475,10.026481742069153,Third quartile
Turkmenistan,14.11619,13485.517023533384,65250.055,Asia,Europe & Central Asia,2.647322365626095,9.509371575479069,11.085982168096463,Third quartile
Uganda,0.12952651,2155.771666954327,663.2023,Africa,Sub-Saharan Africa,-2.043869708368154,7.675904020555126,6.497080071848847,Lowest quartile
Ukraine,3.4846325,7531.691929779719,15074.283,Europe,Europe & Central Asia,1.2483625867151684,8.926874987424318,9.620745458275215,Second quartile
United Arab Emirates,20.220825,76127.22608765696,132096.89,Asia,"Middle East, North Africa, Afghanistan & Pakistan",3.006713013946923,11.240161247115442,11.791290947462652,Highest quartile
United Kingdom,4.563232,38358.12423322235,29480.258,Europe,Europe & Central Asia,1.5180311443959176,10.554721628772121,10.291476097961041,Highest quartile
United States,14.802047,57075.33610930162,77627.72,Americas,North America,2.694765482016822,10.95212736028651,11.259679858879533,Highest quartile
Uruguay,2.212046,20368.03308666427,14808.726,Americas,Latin America & Caribbean,0.7939178791038978,9.921721945239323,9.602971880604196,Third quartile
Uzbekistan,3.4089596,11264.57522376243,16958.777,Asia,Europe & Central Asia,1.2264071421028497,9.329418144544425,9.738540795896725,Second quartile
Venezuela,3.8430314,5305.425982122081,22898.904,Americas,Latin America & Caribbean,1.3462614822493009,8.576485346056602,10.038844328134983,Second quartile
Vietnam,3.2368684,8364.751422241843,12976.387,Asia,East Asia & Pacific,1.1746063191902714,9.031781896570758,9.470886600201458,Second quartile
Yemen,0.27218696,1592.0568641639177,1655.0284,Asia,"Middle East, North Africa, Afghanistan & Pakistan",-1.3012660958638045,7.372782084462359,7.411573447784776,Lowest quartile
Zambia,0.5427949,3397.5001670476286,1986.8015,Africa,Sub-Saharan Africa,-0.611023746791429,8.130795195193105,7.594281338215797,Lowest quartile
Zimbabwe,0.7612047,1611.8916893152625,3578.9443,Africa,Sub-Saharan Africa,-0.2728529691178278,7.38516373055813,8.182823147638494,Lowest quartile
