country,co2_per_capita,gdp_per_capita,energy_per_capita,std_residual,leverage,cooks_distance
Iceland,9.458432,42115.89944737728,167531.62,-3.5171121304011876,0.044018300960316815,0.18986060971412685
Malta,3.3590784,34637.14656546648,71854.42,-4.187350350291924,0.01813564504287889,0.10795402936685623
Singapore,8.6610365,81736.33149418182,158521.72,-3.3421179056747232,0.025446588582450167,0.09721789242485773
Sweden,3.4653375,47124.89122908728,59279.207,-3.357322092362048,0.015421356191838067,0.058848706135752694
Mozambique,0.28465265,962.809058954181,1721.4897,-1.6640059605474713,0.05308134357272974,0.051738964713324086
Norway,7.4829626,88390.41290750103,97780.37,-2.2483131757037063,0.026664605132243814,0.04615991459075752
Mongolia,11.944179,13233.687160866091,15611.406,4.343196121030025,0.006647488996691556,0.042077687124988106
Lesotho,1.1160188,2082.8914681345445,2108.4802,2.4042985420363348,0.018887704062850456,0.03709505183808958
Democratic Republic of Congo,0.057544336,891.7742867089022,313.66656,-1.4194528451191657,0.039978403741556735,0.027968239586649058
Gabon,2.3792052,14824.762720559498,6844.557,1.8441708607066403,0.023199074223957467,0.026924376085824837
