year,n_observations,countries_with_co2,countries_with_gdp,countries_with_energy,complete_all_three
1750,58,14,0,0,0
1751,58,0,0,0,0
1752,58,0,0,0,0
1753,58,0,0,0,0
1754,58,0,0,0,0
1755,58,0,0,0,0
1756,58,0,0,0,0
1757,58,0,0,0,0
1758,58,0,0,0,0
1759,58,0,0,0,0
1760,58,14,0,0,0
1761,58,0,0,0,0
1762,58,0,0,0,0
1763,58,0,0,0,0
1764,58,0,0,0,0
1765,58,0,0,0,0
1766,58,0,0,0,0
1767,58,0,0,0,0
1768,58,0,0,0,0
1769,58,0,0,0,0
1770,58,14,0,0,0
1771,58,0,0,0,0
1772,58,0,0,0,0
1773,58,0,0,0,0
1774,58,0,0,0,0
1775,58,0,0,0,0
1776,58,0,0,0,0
1777,58,0,0,0,0
1778,58,0,0,0,0
1779,58,0,0,0,0
1780,58,14,0,0,0
1781,58,0,0,0,0
1782,58,0,0,0,0
1783,58,0,0,0,0
1784,58,0,0,0,0
1785,59,0,0,0,0
1786,59,0,0,0,0
1787,59,0,0,0,0
1788,59,0,0,0,0
1789,59,0,0,0,0
1790,59,17,0,0,0
1791,59,0,0,0,0
1792,60,0,0,0,0
1793,60,0,0,0,0
1794,60,0,0,0,0
1795,60,0,0,0,0
1796,60,0,0,0,0
1797,60,0,0,0,0
1798,60,0,0,0,0
1799,60,0,0,0,0
1800,62,21,0,0,0
1801,62,21,0,0,0
1802,64,23,0,0,0
1803,62,21,0,0,0
1804,63,22,0,0,0
1805,62,21,0,0,0
1806,62,21,0,0,0
1807,63,22,0,0,0
1808,62,21,0,0,0
1809,62,21,0,0,0
1810,63,22,0,0,0
1811,63,22,0,0,0
1812,63,22,0,0,0
1813,63,22,0,0,0
1814,63,22,0,0,0
1815,63,22,0,0,0
1816,63,22,0,0,0
1817,63,22,0,0,0
1818,63,22,0,0,0
1819,64,23,0,0,0
1820,64,23,15,0,0
1821,64,23,6,0,0
1822,64,23,6,0,0
1823,64,23,6,0,0
1824,64,23,6,0,0
1825,64,23,6,0,0
1826,64,23,6,0,0
1827,64,23,6,0,0
1828,64,23,6,0,0
1829,64,23,6,0,0
1830,82,43,10,0,0
1831,82,43,8,0,0
1832,82,43,8,0,0
1833,82,43,8,0,0
1834,68,27,9,0,0
1835,67,26,8,0,0
1836,67,26,8,0,0
1837,67,26,8,0,0
1838,67,26,8,0,0
1839,68,27,9,0,0
1840,68,27,11,0,0
1841,68,27,9,0,0
1842,68,27,9,0,0
1843,69,28,10,0,0
1844,70,30,11,0,0
1845,70,30,11,0,0
1846,70,31,12,0,0
1847,70,31,12,0,0
1848,69,30,12,0,0
1849,69,30,12,0,0
1850,238,47,35,0,0
1851,252,31,17,0,0
1852,252,31,16,0,0
1853,252,31,16,0,0
1854,252,31,16,0,0
1855,252,48,17,0,0
1856,252,39,16,0,0
1857,252,39,16,0,0
1858,252,58,16,0,0
1859,252,58,16,0,0
1860,252,62,20,0,0
1861,252,62,19,0,0
1862,252,63,17,0,0
1863,252,62,17,0,0
1864,252,63,17,0,0
1865,252,64,18,0,0
1866,252,64,18,0,0
1867,252,64,18,0,0
1868,252,65,18,0,0
1869,252,65,18,0,0
1870,252,74,64,0,0
1871,252,74,25,0,0
1872,252,74,25,0,0
1873,252,74,25,0,0
1874,252,74,26,0,0
1875,252,74,25,0,0
1876,252,73,25,0,0
1877,252,73,25,0,0
1878,252,74,25,0,0
1879,252,75,25,0,0
1880,252,74,25,0,0
1881,252,75,25,0,0
1882,252,75,25,0,0
1883,252,76,25,0,0
1884,252,77,26,0,0
1885,252,83,27,0,0
1886,252,77,27,0,0
1887,252,77,28,0,0
1888,252,78,27,0,0
1889,252,77,27,0,0
1890,252,85,37,0,0
1891,252,85,27,0,0
1892,252,88,27,0,0
1893,252,88,27,0,0
1894,252,88,27,0,0
1895,252,88,28,0,0
1896,252,88,29,0,0
1897,252,88,29,0,0
1898,252,88,29,0,0
1899,252,88,29,0,0
1900,252,88,42,0,0
1901,252,88,36,0,0
1902,252,88,37,0,0
1903,252,89,37,0,0
1904,252,90,37,0,0
1905,252,93,37,0,0
1906,252,91,39,0,0
1907,252,92,38,0,0
1908,252,92,38,0,0
1909,252,96,38,0,0
1910,252,96,43,0,0
1911,252,97,41,0,0
1912,252,97,39,0,0
1913,252,98,64,0,0
1914,252,92,40,0,0
1915,252,94,40,0,0
1916,252,96,41,0,0
1917,252,93,40,0,0
1918,252,96,40,0,0
1919,252,101,40,0,0
1920,252,103,50,0,0
1921,252,103,48,0,0
1922,252,102,46,0,0
1923,252,102,47,0,0
1924,252,102,49,0,0
1925,252,102,50,0,0
1926,252,102,50,0,0
1927,252,104,49,0,0
1928,252,107,49,0,0
1929,252,107,54,0,0
1930,252,109,51,0,0
1931,252,111,52,0,0
1932,252,111,51,0,0
1933,252,116,52,0,0
1934,252,115,51,0,0
1935,252,115,51,0,0
1936,252,116,52,0,0
1937,252,116,51,0,0
1938,252,116,54,0,0
1939,252,118,50,0,0
1940,252,118,50,0,0
1941,252,113,47,0,0
1942,252,110,47,0,0
1943,252,117,45,0,0
1944,252,116,43,0,0
1945,252,117,44,0,0
1946,252,119,47,0,0
1947,252,123,48,0,0
1948,252,124,49,0,0
1949,252,127,50,0,0
1950,252,192,142,0,0
1951,252,194,141,0,0
1952,253,195,147,0,0
1953,253,195,147,0,0
1954,253,196,147,0,0
1955,253,200,147,0,0
1956,253,200,147,0,0
1957,253,200,147,0,0
1958,253,200,147,0,0
1959,253,205,147,0,0
1960,253,205,148,0,0
1961,253,206,147,0,0
1962,253,208,147,0,0
1963,253,209,147,0,0
1964,253,212,147,0,0
1965,253,212,147,77,64
1966,253,212,147,77,64
1967,253,212,147,77,64
1968,253,213,147,77,64
1969,253,213,147,77,64
1970,253,215,149,77,66
1971,253,216,148,77,65
1972,253,217,148,77,65
1973,252,217,162,77,65
1974,252,217,148,77,65
1975,252,217,148,77,65
1976,252,217,148,77,65
1977,252,217,148,77,65
1978,252,217,148,77,65
1979,252,217,148,77,65
1980,252,217,163,189,139
1981,252,218,162,189,138
1982,252,218,162,189,138
1983,252,218,162,189,138
1984,252,218,162,189,138
1985,252,218,163,199,149
1986,252,218,163,200,149
1987,252,218,163,200,149
1988,252,218,163,200,149
1989,252,218,163,200,149
1990,252,225,165,204,155
1991,253,226,163,204,154
1992,252,228,163,210,160
1993,252,228,164,210,161
1994,254,231,164,211,161
1995,254,231,164,211,161
1996,254,231,164,211,161
1997,254,231,164,212,162
1998,254,231,164,212,162
1999,254,231,164,212,162
2000,254,231,165,212,163
2001,254,231,164,212,162
2002,254,231,164,212,162
2003,254,231,164,213,162
2004,254,231,164,213,162
2005,254,231,164,213,162
2006,254,231,164,215,164
2007,254,231,164,215,164
2008,254,231,164,216,164
2009,254,231,164,216,164
2010,254,231,165,216,165
2011,254,231,164,216,164
2012,254,231,164,217,164
2013,254,231,164,217,164
2014,254,231,164,217,164
2015,254,231,165,217,165
2016,254,231,165,217,165
2017,254,231,165,217,165
2018,254,231,165,217,165
2019,254,231,165,217,165
2020,254,231,165,217,165
2021,254,231,165,217,165
2022,254,231,165,217,165
2023,254,231,0,217,0
2024,254,231,0,217,0
